OrderID,OrderDate,CustomerName,Region,Category,Product,Quantity,UnitPrice,Discount,Returned,TotalPrice
e3e70682-c209-4cac-a29f-6fbed82c07cd,2024-09-06,Jennifer Bradley,West,Electronics,Desk,3,463.0,0.09,False,1263.99
f728b4fa-4248-4e3a-8a5d-2f346baa9455,2025-01-04,Michelle Nielsen,West,Clothing,T-Shirt,4,354.09,0.13,True,1232.23
eb1167b3-67a9-4378-bc65-c1e582e2e662,2024-09-05,Daniel Morales,North,Clothing,T-Shirt,5,82.64,0.23,False,318.16
f7c1bd87-4da5-4709-9471-3d60c8a70639,2024-12-04,Keith Bell,East,Electronics,Desk,4,380.34,0.3,False,1064.95
e443df78-9558-467f-9ba9-1faf7a024204,2023-10-27,Steven Sanchez,West,Furniture,Laptop,8,68.77,0.06,False,517.15
23a7711a-8133-4876-b7eb-dcd9e87a1613,2024-11-10,Thomas Allen,West,Furniture,Laptop,6,417.47,0.06,True,2354.53
1846d424-c17c-4279-a3c6-612f48268673,2024-07-28,Dr. Benjamin King,East,Furniture,T-Shirt,5,342.2,0.3,False,1197.7
fcbd04c3-4021-4ef7-8ca5-a5a19e4d6e3c,2023-09-02,Joseph Daniels,West,Food,Desk,7,373.77,0.03,True,2537.9
b4862b21-fb97-4435-8856-1712e8e5216a,2023-06-03,Penny Mcdowell,East,Electronics,Desk,10,264.39,0.12,False,2326.63
259f4329-e6f4-490b-9a16-4106cf6a659e,2024-06-09,Levi Dillon,South,Food,Headphones,3,388.11,0.15,True,989.68
12e0c8b2-bad6-40fb-9948-8dec4f65d4d9,2025-04-06,Mark Ferguson,South,Clothing,Headphones,2,400.31,0.14,False,688.53
5487ce1e-af19-422a-99b8-a714e61a441c,2024-03-04,Brianna Long,East,Clothing,Desk,7,428.47,0.2,False,2399.43
5a921187-19c7-4df4-8f4f-f31e78de5857,2023-11-12,Monica Bray,South,Furniture,Monitor,6,355.9,0.01,True,2114.05
a3f2c9bf-9c63-46b9-90f2-44556f25e2a2,2025-01-13,Brian Murray,North,Electronics,Shoes,9,15.41,0.07,False,128.98
8d723104-f773-43c1-b458-a748e9bb17bc,2023-08-23,Christopher Wells,East,Furniture,Shoes,8,233.13,0.03,True,1809.09
85776e9a-dd84-439e-b154-5a137a1d5006,2024-05-25,Thomas Hancock,South,Clothing,T-Shirt,4,452.89,0.11,False,1612.29
eb2083e6-ce16-4dba-8ff1-8e0242af9fc3,2023-08-19,Ashley Richardson,East,Clothing,Laptop,6,103.89,0.02,True,610.87
17e0aa3c-0398-4ca8-aa7e-9d498c778ea6,2023-05-29,Hunter Kennedy,North,Food,T-Shirt,6,208.96,0.25,False,940.32
b5d32b16-6619-4cb1-9710-37d1b83e90ec,2024-09-02,Amy Wiley,North,Clothing,Laptop,7,193.6,0.06,False,1273.89
a0116be5-ab0c-4681-88f8-e3d0d3290a4c,2024-08-18,Nathaniel Nguyen,East,Clothing,Monitor,5,197.01,0.06,True,925.95
d3fbf47a-7e5b-4e7f-9ca5-499d004ae545,2023-08-10,Andrew Arnold,West,Clothing,T-Shirt,6,195.48,0.15,False,996.95
baf3897a-3e70-416a-9548-5822de1b372a,2024-07-03,Jason Brooks,North,Furniture,Desk,7,265.44,0.06,True,1746.6
101fbccc-ded7-43e8-b421-eaeb534097ca,2023-07-04,Chad Rodriguez,East,Electronics,Laptop,5,56.0,0.26,True,207.2
38c1962e-9148-424f-aac1-c14f30e9c5cc,2024-05-05,Andre Ray,West,Electronics,Monitor,2,428.62,0.15,False,728.65
247a8333-f7b0-47d2-8da8-056c3d15eef7,2024-08-12,Martin Mann,East,Clothing,Headphones,8,268.74,0.18,False,1762.93
1759edc3-72ae-4244-8b01-63c1cd9d2b7d,2024-12-18,Jeffery Barber,South,Furniture,Bread,5,450.07,0.17,True,1867.79
e005b860-51ef-4922-be43-c49e149818d1,2024-06-05,Christian Martin,West,Food,Chair,2,447.43,0.16,True,751.68
7d41e602-eece-428b-bf7b-118e820865d6,2024-07-22,Chad Snyder,West,Furniture,Shoes,8,10.22,0.19,False,66.23
4a84eb03-8d1f-49b7-8d2b-9deb1beb3711,2024-02-02,Lisa Roberts,East,Furniture,Headphones,3,374.7,0.18,True,921.76
552f233a-8c25-466a-9ff3-9849b4e1357d,2024-11-16,Melinda Lang,North,Furniture,T-Shirt,6,125.3,0.26,True,556.33
3405095c-8a50-46c1-ac18-8efbd080e66e,2024-03-12,Sara Ayala,North,Clothing,T-Shirt,4,200.95,0.27,False,586.77
8c1745a7-9a6a-4f92-8ca7-4147f6be1f72,2023-11-02,Christopher Burton,North,Furniture,Chair,3,338.68,0.2,False,812.83
1775336d-71ea-4d05-89a3-e80e966e1277,2023-12-07,Kim Thomas,West,Furniture,T-Shirt,6,492.42,0.14,True,2540.89
5129fb7c-6288-41a5-8c45-782198a6416d,2023-11-17,Patrick Peters,North,Furniture,Chair,8,486.63,0.19,False,3153.36
2f120554-4a53-48cc-bdfa-bc08935ddd72,2023-04-20,Thomas Gray,West,Clothing,Shoes,4,332.61,0.24,True,1011.13
0870e15c-2fcd-41b5-924b-ace4307bf326,2024-03-07,John Torres,East,Clothing,Shoes,2,132.84,0.11,True,236.46
42930b33-a81a-4477-bb36-75b89cdeb3e6,2024-12-04,Jared Davis,South,Food,Headphones,7,42.93,0.29,True,213.36
adc0da7a-16fe-4aa0-91af-923d79fdef7c,2025-01-05,Brittany Silva,East,Electronics,Headphones,7,382.22,0.24,False,2033.41
2648ee38-e074-45eb-a156-63abc1f254b8,2024-10-18,Veronica Keith,North,Furniture,Headphones,8,295.09,0.21,True,1864.97
148b2758-d7ab-4928-89e4-69e6ec62b2c8,2023-11-13,Richard Wolfe,South,Electronics,Laptop,9,371.68,0.01,False,3311.67
d450fe4a-ec4f-417b-b306-d1a8e5eeac76,2023-10-27,Lindsey Palmer,South,Food,Shoes,8,429.71,0.06,True,3231.42
d67e55fd-642b-4a42-aef9-c00b8a64c1b9,2024-05-31,Nicholas Jackson,South,Electronics,Headphones,10,382.0,0.06,True,3590.8
85940927-468f-453d-864a-7a50b48d73f1,2024-05-23,Andrew Wilson,South,Electronics,Headphones,10,31.56,0.2,True,252.48
37176e84-d977-4993-bc49-d76fcfc6e625,2024-06-13,Nathan Flores,West,Furniture,Desk,4,405.51,0.25,True,1216.53
d3447490-96fd-45d0-adf2-0806e5214606,2023-12-12,Jackie Horton,North,Food,Desk,7,348.1,0.04,False,2339.23
46743741-9466-4472-ab5f-5241f323ca74,2023-12-31,Robin Perez,North,Clothing,Bread,9,128.25,0.14,False,992.66
a425799a-a905-4750-be1e-a9c573581a81,2023-09-04,Juan Kline,East,Food,Shoes,5,356.52,0.03,False,1729.12
fb82860d-eabc-48d0-b341-facdff0ac0f1,2024-10-09,Katie Blackwell,West,Furniture,T-Shirt,8,449.01,0.08,False,3304.71
5306f3f5-1516-4570-9b7c-709acb175a5a,2024-12-07,Mason Jackson,North,Food,Laptop,4,332.44,0.19,False,1077.11
964a870c-7c87-4b74-9d87-8f9f9cdf5a86,2024-03-10,Jennifer Guerrero MD,East,Clothing,T-Shirt,6,301.91,0.12,True,1594.08
30bcab0e-d857-4102-95d4-4936a1515607,2024-12-14,Deborah Matthews,East,Clothing,Shoes,9,440.67,0.22,True,3093.5
4562be7f-bb42-40b2-8426-465e3e37952d,2023-07-29,Carolyn Alexander,North,Electronics,Desk,1,148.13,0.28,False,106.65
5f3f5638-3870-4a14-b490-b6081dfc8352,2025-01-25,James Lang,East,Furniture,Monitor,2,301.19,0.27,False,439.74
6d16ee18-5521-46dd-aba4-b180cb69ca38,2023-04-14,Jennifer Hall,South,Food,Laptop,8,178.84,0.09,True,1301.96
c87a7463-19c1-4a0d-8feb-d845d0dfae43,2024-11-12,Amanda Harvey,East,Clothing,Shoes,6,182.2,0.2,False,874.56
38018b47-b29a-4b06-9af6-6c5f2577bffa,2024-05-11,Jordan Pierce,West,Electronics,Bread,7,415.7,0.18,True,2386.12
a25b59fd-92e8-4269-912e-cbc40b9475b1,2023-08-08,Derek Hall,North,Food,Laptop,4,152.19,0.25,False,456.57
9a27d858-88c1-42ad-afbf-c19ee8f6cf32,2024-12-09,Eric Lynch,West,Food,Desk,7,322.62,0.11,True,2009.92
1fdb8b32-06d5-49e8-92f1-75ffae3b16ec,2024-09-04,Joyce Rivers,East,Electronics,T-Shirt,1,130.49,0.19,True,105.7
d480865f-9b38-4e80-b042-e325a28f5ab0,2024-10-05,Keith Ortiz,South,Food,Bread,10,16.14,0.03,False,156.56
176ea1b1-6426-4cd5-9ea4-5cd69371a71f,2025-03-27,John Olsen,East,Clothing,Desk,1,404.42,0.26,False,299.27
1db53334-fb03-43a1-9576-d4155ec17dbe,2024-12-07,Ian Davis,South,Food,Monitor,7,467.94,0.12,False,2882.51
31d0b664-0589-4877-9b02-52440950fd13,2024-06-20,Amy Wade,South,Furniture,Laptop,2,428.44,0.26,True,634.09
b7d6467b-2f5a-422a-b87f-43fdf6062541,2024-02-02,Christina Johnson,South,Clothing,Bread,5,306.24,0.26,True,1133.09
ba26d851-35e8-479a-baaf-0e891fb797fa,2024-01-15,Michael Guzman,North,Clothing,Bread,4,172.99,0.15,False,588.17
ade9b2b4-efdd-45f8-8fa3-4266ccfdba9b,2024-04-04,Ashley Kennedy,East,Food,Headphones,6,154.2,0.04,False,888.19
9edfa3da-6cf5-4b15-8b53-031d05d51433,2023-05-08,Richard Brennan,West,Electronics,T-Shirt,3,73.96,0.25,False,166.41
11ebcd49-428a-4c22-95fd-b76a19fbeb1d,2024-06-19,Dana Jimenez,North,Furniture,Shoes,2,410.27,0.11,True,730.28
4d125e7f-a59c-4c98-926c-bc8f38884479,2025-03-18,Mrs. Alexa Kelly,North,Electronics,Chair,3,469.09,0.2,False,1125.82
0fa07a3f-2e29-4065-afa2-31e959acdd98,2024-02-23,Tammy Davis,South,Clothing,Monitor,6,351.99,0.03,True,2048.58
98b33c6e-0a14-490a-b795-e98680ee526e,2024-08-16,Jay Stevenson,South,Electronics,Bread,1,169.28,0.1,True,152.35
642aad48-fcfc-4a81-b306-d70019d5f970,2024-07-30,Shannon Thomas,North,Furniture,Monitor,4,427.32,0.21,True,1350.33
e786ab37-5bca-47be-8298-17c53308fb2e,2024-12-20,Curtis Parsons,North,Food,Chair,1,303.53,0.02,False,297.46
e6fd68e8-d69c-41c2-b860-1602bb4a06cb,2024-12-24,Rachael Campbell,West,Food,Bread,1,200.95,0.27,True,146.69
b29c467d-2b5f-4932-91dc-59efeb21a3f6,2024-11-20,Sandra Wilson,East,Furniture,T-Shirt,7,203.63,0.25,True,1069.06
c470f0e7-f76f-4fb8-b412-fc12ac322c12,2023-10-04,Sean Perez,South,Food,Monitor,9,448.19,0.06,True,3791.69
28805c5d-ad1b-4f60-89e4-dab20edc6d2b,2025-03-08,Lynn Howard,South,Food,Chair,1,152.46,0.09,False,138.74
878b9f6b-57a1-4b71-a975-d279d86dbf11,2023-04-22,William Saunders,West,Furniture,Shoes,3,408.37,0.21,True,967.84
ebe21368-98c7-4205-9e01-a934402d0baf,2024-01-16,Diane Garcia,East,Furniture,Shoes,2,284.53,0.2,False,455.25
0361524c-2cc0-4859-aa65-24ab713b7e05,2024-05-24,Barbara Moore,West,Food,Headphones,10,121.44,0.22,False,947.23
e66cd36e-68ef-4f5f-ae68-690a78bc7175,2023-08-11,Natalie Spears,West,Clothing,Headphones,10,218.51,0.12,False,1922.89
eae2025e-8233-4e23-9ff3-334b91b15f5d,2024-09-19,Darryl Becker,East,Furniture,Shoes,4,136.25,0.04,False,523.2
637e0edc-5b6e-4ae7-a620-81434fbaecc0,2023-09-08,Julie Murray,North,Clothing,Desk,2,87.87,0.02,False,172.23
27460f22-403d-4f83-a859-890cd670f668,2024-08-12,Yvonne Poole,East,Food,Desk,8,74.43,0.19,False,482.31
753c7c99-032f-46ca-b0d9-c2aa8f837ef7,2024-01-10,James Collins,North,Electronics,Chair,4,300.7,0.05,False,1142.66
bd30291a-55fe-408e-943e-2e04bdd7d19b,2024-08-09,Joseph Smith,West,Food,Headphones,1,379.51,0.06,True,356.74
2284b7a4-47e7-4593-8b58-85ca0bb2c3f0,2024-10-04,James Dodson,East,Furniture,Laptop,9,268.21,0.18,False,1979.39
7b59051b-f400-48d7-831d-5a973d792fa1,2024-04-30,Jessica Williams,South,Clothing,Monitor,10,456.08,0.1,False,4104.72
ac642b4c-49b2-4ded-9c31-d9b25a2b745b,2023-04-24,Jennifer Baker,South,Electronics,Laptop,7,418.92,0.18,False,2404.6
e456697c-f268-4baa-971c-702d5bf49c04,2024-10-28,Cassandra White,North,Food,Headphones,2,325.5,0.26,False,481.74
21e15094-9efe-4464-9a90-f534a23d4c9d,2024-11-01,Alyssa Benton,East,Food,Bread,9,458.95,0.13,False,3593.58
bf9cc545-6355-48f7-8f6f-a985b732d46f,2023-10-20,Joseph Anderson,North,Electronics,Shoes,3,133.19,0.22,False,311.66
14aa451c-a69c-4b85-9432-f8db6a174c1c,2024-06-26,Lisa Gaines,South,Furniture,Shoes,4,154.32,0.04,True,592.59
b2d650af-313b-42b7-9836-31890063e42f,2025-03-02,John Abbott,East,Clothing,Shoes,4,453.65,0.05,False,1723.87
391cf046-3d4a-4d51-a8fa-fd04559b5975,2023-10-15,Lisa Perry,South,Electronics,Shoes,7,265.73,0.13,True,1618.3
b5d97ef7-60ef-4471-b2b8-ff39a32c9b6f,2023-11-09,Tammy Perez,East,Clothing,Laptop,7,395.78,0.25,False,2077.85
dfe1b307-9172-4f0a-ac7c-8803e01bbf50,2023-08-31,John Smith,West,Furniture,Monitor,8,101.19,0.13,False,704.28
df26f517-66fa-4989-8813-5d586a1689ad,2024-11-18,William Williams,North,Food,Desk,1,132.21,0.05,False,125.6
c5adf681-6b10-453a-9145-de05b3ab1b2c,2025-03-29,Alyssa Reed,North,Food,T-Shirt,7,347.23,0.01,True,2406.3
2a69acc7-0bf9-40ef-b581-6b74a985ab61,2024-03-01,George Gibson,South,Electronics,Headphones,4,14.05,0.23,True,43.27
b3969057-425c-4200-905a-da6b720299e3,2023-06-09,Jose King,South,Food,Desk,7,300.61,0.17,False,1746.54
e28bc9ff-870f-484c-b244-f536285e25b4,2024-06-28,Brian Johnson,North,Furniture,Laptop,1,428.56,0.2,True,342.85
9a9e4310-8fb8-4bab-a875-4cd37cbd7025,2024-03-23,Raymond Taylor,North,Food,Shoes,10,489.6,0.19,False,3965.76
09f6048f-e245-4460-8004-884cc167733f,2023-10-10,William Flores,North,Clothing,Monitor,5,471.92,0.03,True,2288.81
d675ebf7-4fe3-4c9a-9371-0f577e9cf84f,2024-11-07,Jonathan Hansen,North,Electronics,T-Shirt,1,413.6,0.15,True,351.56
d29dc5df-cf1d-4110-8cc3-6d8c77863fe5,2024-10-15,Karen Hicks,South,Electronics,Laptop,10,112.21,0.16,False,942.56
6a46721a-cffa-4cdd-b963-a7efe00111e5,2024-03-24,Christopher Kelley,North,Clothing,Chair,6,448.48,0.01,False,2663.97
f689a4a5-ffda-4336-8c6e-90373020da5c,2025-02-08,David Miller,West,Electronics,Desk,6,310.99,0.21,False,1474.09
d663049d-155e-48b1-ba83-ada4a2121ac5,2024-05-09,Samantha Boyer,North,Electronics,Desk,6,454.07,0.24,False,2070.56
03c54c71-fca0-4536-a169-df82b9bdee2d,2025-03-05,Gregory Rowe,East,Clothing,Laptop,8,332.34,0.03,False,2578.96
6ae04d52-adb3-48cb-b315-8c0c66dd7794,2024-12-26,Jeremy Barron,North,Food,Chair,3,306.65,0.25,False,689.96
03a89879-36a9-4d74-80de-59f550f0fc2b,2024-12-29,Tina Rowe,North,Food,Bread,10,137.5,0.22,True,1072.5
faf1501b-009a-415b-8137-8be5b7a28e0a,2024-10-08,David Woods,North,Food,Chair,9,338.88,0.08,True,2805.93
9cb017c1-8741-4e91-acfe-bb4bd29e8693,2023-06-26,Jeremy Ward,South,Electronics,Monitor,2,330.05,0.17,False,547.88
9bbd750d-1e70-4c52-b0c1-fb6a19086515,2023-09-03,Dr. Charles Decker,South,Clothing,Laptop,5,15.22,0.11,True,67.73
4d6b234f-dfa7-46ed-b2d1-f81ba636425c,2023-08-15,Chelsea Cantu,North,Clothing,Desk,2,458.65,0.07,False,853.09
2ea60b99-fa7f-48bf-b044-284a47acf2f6,2024-03-17,Barbara Brown,West,Clothing,Laptop,2,87.9,0.04,False,168.77
ec3aa314-da9b-4017-b9c1-47c719a5711b,2025-03-27,George Howell,South,Furniture,Desk,5,435.72,0.25,True,1633.95
0597aab6-14d3-4dbc-a0ac-f4c9658de17e,2023-05-30,Steven Myers,North,Electronics,Shoes,1,481.34,0.28,True,346.56
ccc14d51-73f6-40d8-a9f4-1cc04653a560,2025-03-30,Jon Jackson,North,Electronics,T-Shirt,3,121.89,0.23,True,281.57
41a93f90-dc82-4527-9da3-b7e2cad6e514,2024-03-06,Travis Barton,West,Electronics,Headphones,10,412.49,0.05,True,3918.65
d138d150-8557-416a-a750-2a812227d96d,2024-08-15,Peter Gallegos,North,Clothing,Shoes,3,370.48,0.15,False,944.72
1d77ce40-58d8-4776-a51a-d4f3a699bae0,2024-02-10,Garrett Stone,East,Clothing,T-Shirt,7,429.83,0.28,True,2166.34
d9ead926-4745-4d9e-a789-6389df3277fd,2025-04-09,Sarah Aguilar,North,Clothing,T-Shirt,4,48.47,0.07,False,180.31
34ab18fd-0a68-488e-8ad4-041504c14982,2023-11-07,Michael Snyder,South,Electronics,Shoes,10,218.81,0.07,False,2034.93
50910bdc-8ef0-46d4-8279-b14dae55cdff,2023-10-23,Tanya George,North,Furniture,Headphones,6,62.09,0.21,False,294.31
914591ae-f03d-466a-9dec-c06af24dfdd8,2024-03-14,John Munoz,East,Furniture,Laptop,4,17.24,0.2,True,55.17
d8ab0b30-0ac0-4f0d-9974-c146e8ec01b3,2025-02-22,Nicholas Smith,East,Electronics,T-Shirt,7,90.23,0.26,False,467.39
9b8b71a1-b38a-45fb-b611-64cebfc74ca9,2024-11-18,David Sawyer,West,Food,T-Shirt,9,298.97,0.26,False,1991.14
a4e695c9-b65d-4226-be96-9cf3a7c5cb87,2024-11-30,Mary Rodriguez,South,Clothing,T-Shirt,9,139.91,0.29,False,894.02
6f790959-a3e0-4b3b-b56b-0715e7180322,2024-01-11,Kelli Middleton,North,Clothing,Monitor,2,370.49,0.25,False,555.74
2da44da1-89b5-4368-9f14-c6125f58d5b5,2024-07-26,Donna Vega,West,Furniture,Laptop,9,435.95,0.24,True,2981.9
4a814d53-964d-4b77-a025-f0ae35354579,2023-12-20,Corey Watson PhD,North,Furniture,Laptop,2,195.06,0.18,True,319.9
4578bab3-26a9-4465-a371-ea2c0247145f,2023-06-19,Jeanette Branch,North,Electronics,Shoes,8,163.04,0.05,False,1239.1
5e00ea6d-ca24-4e4d-9667-2017555a4085,2023-12-04,William Jones,West,Food,T-Shirt,2,398.83,0.03,False,773.73
c787ddfb-5697-417c-97fd-3736b7ef941c,2023-05-03,Brian Moore,South,Food,Desk,9,250.67,0.03,False,2188.35
4505f4f6-0a8c-46c7-8921-5f4f9edb95f2,2024-04-26,Tiffany Zimmerman,East,Clothing,Chair,8,79.82,0.19,True,517.23
955d0e77-fb5e-4866-a640-211e29f2c3c7,2023-04-18,Jacob Williams,East,Clothing,Chair,8,297.75,0.17,False,1977.06
fd42f697-6511-4656-9c64-60364a1eb1b7,2024-11-22,Brandon Gutierrez,West,Food,T-Shirt,3,206.81,0.08,True,570.8
1d69d9fc-4b1c-48bd-a130-260c8c69778f,2023-10-21,Rachel Fernandez,South,Clothing,Headphones,8,315.6,0.13,True,2196.58
ef0a81ed-3d5d-40bc-bb03-78eb7a62722e,2023-09-14,Tonya Barnett,South,Furniture,Bread,9,455.72,0.01,True,4060.47
db66bfda-2df9-4747-8ed1-35530c5a876f,2024-11-22,Susan Parker,North,Furniture,Headphones,6,117.21,0.02,True,689.19
4d7bd307-1224-41e6-ba89-82dd85e69ea9,2024-02-13,Andrea Jacobs,South,Electronics,Desk,3,6.36,0.25,False,14.31
4c9a0ae1-5419-4efc-95e7-3e3f673617d9,2024-02-04,Nicole Harris,South,Electronics,Headphones,7,220.89,0.14,True,1329.76
8f928dc5-1972-4ce3-9bd0-94486a2b3200,2024-03-13,Heather Miller,East,Food,Headphones,5,304.22,0.1,True,1368.99
564ae909-7958-4e69-bb2e-1b82e89dc815,2024-12-02,Robert Austin,East,Food,Monitor,7,324.96,0.08,True,2092.74
cff4c56b-f9ea-4c64-8c41-7e7cd741d609,2024-08-15,Leah Mullen,North,Food,T-Shirt,2,325.88,0.12,False,573.55
1db2b452-7aa5-4a18-9fd3-c01757f98d1e,2024-08-07,John Rodriguez,West,Furniture,Monitor,10,72.1,0.27,False,526.33
09aedbd0-6d31-4b4a-bf6b-8793b318ad4c,2024-09-13,Shawn Pollard,South,Clothing,T-Shirt,9,47.18,0.3,True,297.23
afe6790a-bc18-440b-95c7-ed9d4d4985dc,2024-02-06,Paul Pennington,North,Clothing,Laptop,6,158.6,0.2,True,761.28
2aa36cf7-eb70-4a65-a7d9-9a23e4f7625e,2024-10-02,Kevin Walls,West,Food,T-Shirt,4,318.3,0.06,True,1196.81
ce5dc807-6025-4199-9082-3edaa0722aa0,2025-02-21,Ethan Silva,West,Food,Laptop,8,315.01,0.03,False,2444.48
16408169-a38d-4afc-bdd2-ed7af97ccc57,2025-01-07,Dr. Joseph Graham,East,Furniture,Desk,4,414.04,0.22,True,1291.8
32b2c492-15ac-47a1-8eca-2ee310da8a95,2023-05-09,Shane Wilson,East,Food,Chair,6,98.59,0.07,False,550.13
62830869-0fa7-4e05-b897-4df5bff773ce,2024-07-05,Taylor Anderson,West,Food,Bread,8,35.42,0.16,True,238.02
8e751eb7-64d0-4913-991b-8adf0202861c,2024-04-05,Andre Thornton,East,Clothing,Monitor,7,485.9,0.14,False,2925.12
eb8f2056-72d3-4c5d-8a31-b24384dd6da6,2024-01-10,Mark Baker,South,Food,Bread,1,161.48,0.29,False,114.65
b6e355f6-95bb-440d-89cd-4af97d161f29,2025-01-13,Eddie Jensen,North,Electronics,Monitor,8,490.12,0.0,True,3920.96
156af458-6c4c-4935-b79d-eda1ade6c5e9,2024-06-24,Natasha Weaver,West,Food,T-Shirt,1,374.78,0.08,False,344.8
ffc573d5-fd0b-470e-b85a-f4635e4af862,2023-07-17,Jose Smith,North,Clothing,Desk,9,245.59,0.17,False,1834.56
2aa50f4e-c6f0-4933-95d1-805142cb6d1d,2024-06-21,Sabrina Walsh,East,Furniture,T-Shirt,7,243.22,0.16,True,1430.13
1d7173e5-5bc7-4deb-b123-4efe6e648043,2024-10-12,Chad Forbes,North,Food,Monitor,8,456.83,0.04,False,3508.45
da54f267-dd13-4266-926d-53961058fe8c,2023-11-12,Justin Moses,East,Electronics,Laptop,4,138.44,0.1,True,498.38
869bdbd2-e72b-45b7-8712-0911b3b68b57,2023-12-20,Darlene Garcia,South,Furniture,Chair,7,324.75,0.17,True,1886.8
33a1d1c2-ad4a-4155-809f-cd8f739cd488,2025-01-07,Zachary Anderson,South,Electronics,Desk,4,232.04,0.16,True,779.65
41a8a6e1-65e0-4993-bf41-1fed1e70e799,2023-04-28,Ryan Walker,West,Clothing,Laptop,5,378.55,0.12,False,1665.62
ff3e0ba1-0ac7-48b4-a418-65bf350d278d,2024-02-13,Russell Robinson,East,Food,Chair,8,449.53,0.06,False,3380.47
9f982188-3744-4a64-8c24-9558f2ad985f,2024-04-11,Matthew Hall,East,Food,Chair,8,258.65,0.03,False,2007.12
755a3ac1-32ae-4a20-9ac9-02ee25777cf0,2025-03-25,Michael Gonzales,East,Electronics,Shoes,3,281.67,0.19,True,684.46
d3b564b0-8be0-4c3e-9c94-938160c6b3ed,2024-05-19,Nathan Kline,South,Electronics,Desk,4,205.26,0.08,True,755.36
98a33736-fd1a-47ce-9ad0-a6f226bdd974,2023-07-24,Kimberly Gonzalez,East,Electronics,Monitor,8,226.66,0.24,False,1378.09
905c053b-25fd-4cbe-bce7-1b48fba52e59,2023-05-12,Erik Anderson,West,Food,Desk,5,337.12,0.08,False,1550.75
6c596216-ae0f-4bc8-a36b-cb0167e98363,2023-06-12,Paula Smith,West,Electronics,Shoes,6,305.7,0.23,False,1412.33
ade7cef3-7ed2-4c2f-856f-3d95e0ae1a1b,2024-06-22,Erin Brennan,North,Clothing,Desk,8,212.48,0.03,True,1648.84
d5627386-528c-4241-a345-ac72eac39204,2025-02-09,Erica Miller,North,Electronics,Chair,10,67.57,0.04,True,648.67
a2939b3b-7fa7-4d8a-bf88-ec827f99d273,2024-01-04,Robert Jackson,South,Electronics,T-Shirt,3,330.16,0.01,False,980.58
8af58903-33b5-43ce-9fec-4623ab899605,2024-01-15,Dakota Spencer,East,Electronics,Desk,9,469.41,0.29,False,2999.53
027c013f-3801-4399-ae6a-8e2f9c19ed34,2023-04-13,Ann Shaw,South,Clothing,Laptop,2,394.84,0.13,False,687.02
bf3df0bb-f66a-4168-b4a1-ca795718ada2,2023-06-02,Barbara Watkins,South,Clothing,T-Shirt,4,294.34,0.19,False,953.66
52631db9-d170-44ce-9179-7350e6256403,2023-09-05,Fred Phillips,South,Furniture,T-Shirt,5,60.16,0.23,False,231.62
dfde2281-25fb-4f3d-866d-7002091472ad,2024-10-18,Megan Mitchell,West,Furniture,Laptop,9,97.08,0.15,False,742.66
27e969e2-c8bf-43fb-9a43-1f7a41c30359,2023-07-05,Adam Singleton,West,Clothing,Desk,2,482.0,0.23,True,742.28
4b5ca436-953c-478e-a106-7a8cd7a3283c,2024-09-12,William Edwards,West,Furniture,Bread,1,150.63,0.14,False,129.54
786e30ef-ce9b-4e70-b4d4-dfccb7d779cc,2024-06-02,Martha Mitchell,North,Electronics,Laptop,3,365.84,0.25,True,823.14
843b2a7d-15ab-4c21-8cc9-3ff710fce97d,2024-04-09,Danielle Beasley,West,Food,Shoes,6,343.87,0.22,False,1609.31
10fc9eee-0a17-47f7-aa5f-24b6de6fec4b,2023-05-13,Debbie Brown,West,Food,Laptop,1,215.76,0.06,True,202.81
4cea2df0-0a66-4c4e-a168-1081399f8a8f,2023-12-10,Douglas Perez,North,Clothing,Headphones,6,141.68,0.25,False,637.56
72d6bc20-d80d-4a1c-8247-2fd603e9ba02,2025-03-30,Susan Patel,South,Food,Shoes,10,59.77,0.08,True,549.88
ccf719ab-2922-4bd8-9ca5-b35354a1d505,2025-01-22,Michelle Henderson,West,Furniture,Laptop,3,181.07,0.25,True,407.41
75f2bc20-a7f5-495c-9e62-d43f261908b9,2025-01-25,Anthony Mccarthy,North,Clothing,T-Shirt,8,413.48,0.21,False,2613.19
61d9fe39-8147-48f4-9f0e-f320f7f60e7f,2023-04-29,Andre Miller,East,Food,Desk,7,401.9,0.06,False,2644.5
089b30a0-809f-4923-87a1-798fe6addd9e,2023-12-10,Clayton Anderson,South,Food,Chair,4,9.0,0.26,False,26.64
cb4d18d6-adb6-4a35-9734-a26c92e94e89,2024-02-08,Steven Cox,West,Furniture,Shoes,7,305.87,0.08,False,1969.8
99a2ecb1-c202-487b-849b-8a44ce1bb02a,2025-03-13,Joseph Porter,West,Food,Laptop,8,486.99,0.12,False,3428.41
6d265dd8-bf39-4fbb-938c-3460fd938adc,2023-07-16,Jeffrey Terry,North,Furniture,Monitor,4,476.92,0.18,False,1564.3
4a276dda-34c3-494a-812e-a9b8e7e13ed8,2024-11-23,Carly Eaton,North,Clothing,Desk,3,444.74,0.08,True,1227.48
6af79ad2-993e-48c6-a6b1-06e289110af0,2024-08-15,Christina Hernandez,West,Furniture,Headphones,7,207.01,0.26,True,1072.31
d872298c-7b72-490b-b8f8-f071d360da69,2023-11-09,Rachel Lopez,East,Furniture,Headphones,1,392.99,0.21,False,310.46
9b8086da-6379-4035-b8e4-5086ca819c6f,2024-02-19,Ms. Catherine Lin,East,Furniture,Monitor,6,243.26,0.06,True,1371.99
dd620222-d9ef-428b-bbcb-50b3961d8dcf,2024-09-12,Tammy Thornton,West,Food,Shoes,9,18.39,0.08,False,152.27
e2a01335-a830-43ab-853e-4b42cc4da021,2023-07-29,Peter Anderson,North,Clothing,T-Shirt,4,317.8,0.21,True,1004.25
4d6cd782-2e95-43ea-bda1-7da2000fc63d,2024-07-15,Melanie Mcgee,West,Food,Laptop,6,74.52,0.24,False,339.81
552ae5ca-4124-405b-91fc-fe8881c16e98,2023-08-02,Patricia Lindsey,South,Food,Monitor,3,352.94,0.2,True,847.06
4312ece2-dc21-41e1-be56-ac3d10cc8711,2024-02-17,Michelle Smith,North,Food,Headphones,9,323.73,0.13,True,2534.81
c5c14262-4d84-4ec5-9334-886ff164f9d8,2025-02-11,Taylor Gonzalez,South,Food,Bread,9,376.0,0.1,False,3045.6
6238d0a0-cf5e-4ea3-a258-4ab368777bab,2023-12-03,James Hughes,North,Furniture,Shoes,10,116.43,0.22,False,908.15
ef7e85ec-a417-456f-a9ee-7f3d0ff030b8,2024-05-11,Joseph Garcia,West,Furniture,Chair,10,108.57,0.06,True,1020.56
babd4745-497e-4f1a-bd2b-f042209818d1,2023-05-26,Kim Nolan,West,Food,Desk,7,457.9,0.12,True,2820.66
f11ddff7-0e37-4526-9582-a3bdd476fe38,2023-08-14,Alexandra Burgess,East,Furniture,Chair,3,451.74,0.28,False,975.76
2412579d-6af9-44e0-bb38-785b0932f5b6,2023-07-16,James Craig,North,Electronics,Chair,10,28.35,0.29,True,201.28
9a1a7d6f-dd02-4100-a3d4-84087de8a234,2025-03-03,Dr. Mary Scott,South,Food,Laptop,8,392.1,0.04,False,3011.33
b2ddc481-ac6d-4df8-94e5-064cb799ae8e,2023-07-23,Philip Willis,North,Electronics,Desk,10,70.58,0.11,False,628.16
5a4f4145-fc98-4279-8f6f-111c26c06e67,2025-03-17,Shannon Gill,North,Furniture,Laptop,4,366.92,0.22,True,1144.79
775e0ec3-9c9d-43f3-8901-8aee69407be7,2024-04-17,Robert Steele,North,Electronics,T-Shirt,10,152.11,0.14,True,1308.15
19faa06e-0c0a-4967-b579-501a62fda854,2024-10-08,Michael Prince,South,Furniture,Shoes,8,205.34,0.05,False,1560.58
052daad3-26c0-4984-8734-bb05788c31f6,2024-08-20,Linda Beard,North,Clothing,Laptop,1,489.0,0.25,False,366.75
21f8c156-9e0d-445b-992a-34a1084fa819,2024-10-17,Kyle Bell,South,Electronics,Desk,4,417.51,0.13,False,1452.93
b3386c3e-1af4-487f-92eb-dac5a1457899,2024-11-23,Ronald Evans,East,Furniture,Monitor,8,275.44,0.13,False,1917.06
31e9ca80-58bf-4b9e-a624-5b598c94af98,2024-10-23,Dawn Johnson,East,Furniture,Monitor,10,372.64,0.11,False,3316.5
c707aef9-c6c3-444c-888e-03b662276cbc,2023-05-16,Taylor Foley,South,Clothing,Monitor,6,225.62,0.03,True,1313.11
0f66b32d-e19b-4837-9c6a-4b5e7d859725,2024-10-27,Gina Turner,North,Electronics,Chair,9,273.49,0.03,True,2387.57
9d44c93e-7799-48e2-b368-c5539c30ceaa,2025-01-08,Robert Pace,West,Clothing,Laptop,4,282.48,0.24,False,858.74
a6855857-567e-4862-af15-1673a1df3da7,2024-05-17,Evelyn Castaneda,West,Clothing,Shoes,1,451.45,0.04,True,433.39
b6af98b2-aeba-42d0-b830-32491fd3af07,2023-05-13,Jennifer Morales,North,Food,Headphones,1,323.9,0.0,True,323.9
d960af85-c9df-4e44-8bdf-fa7d9f3dd894,2025-01-08,Elizabeth Briggs,North,Food,Laptop,1,296.33,0.24,True,225.21
633cbf79-e96a-41af-b55e-3aa2208a393e,2024-06-14,Cynthia Reynolds,East,Electronics,Chair,3,88.34,0.26,False,196.11
beebb4ea-eab9-421b-8b36-b545cca1a034,2024-09-27,Christopher Taylor,West,Food,Chair,4,49.19,0.12,True,173.15
fbbff9e0-ae56-402a-b521-ca9fdf5e6f78,2024-11-07,Nicole Schmidt,North,Food,Desk,8,237.45,0.14,True,1633.66
dc45488d-84dd-49b9-9f1e-0ee9cf6c9992,2024-10-02,Sara Holland,East,Food,Desk,10,137.6,0.12,False,1210.88
09c67417-306a-4871-beef-71cbc915d113,2024-08-12,Deanna Turner,South,Clothing,Chair,4,109.76,0.22,True,342.45
5f1ff97c-71cf-4814-a45b-d776c838a145,2024-02-04,Kelsey Clarke,East,Food,Monitor,2,343.9,0.13,True,598.39
5b471c43-7499-428c-b0c3-2323c1b199c4,2023-08-27,David Vazquez,North,Furniture,Laptop,9,433.13,0.2,False,3118.54
f4dd05d5-1349-447a-a1cb-a182ca20854d,2024-01-02,Kyle Foley,South,Clothing,T-Shirt,7,431.82,0.09,True,2750.69
0a3c2c6f-ef2d-4a38-a6e4-b8df0b6d9611,2024-12-21,Terri Petersen,East,Clothing,Headphones,5,264.12,0.05,False,1254.57
06d2ed7c-e6ac-4d8a-8160-ff927c7550f2,2024-07-08,Steven Montgomery,North,Electronics,Laptop,6,390.19,0.08,False,2153.85
91bacf80-aaa0-4996-8522-dc4ef1dd50bf,2024-12-31,Mary Lynch,North,Electronics,Laptop,8,438.72,0.04,False,3369.37
3acaaf82-374a-4cc9-a039-7e67926146de,2023-06-13,Michael Douglas,North,Electronics,Shoes,4,321.54,0.2,True,1028.93
e27ac8e9-d1c3-41bc-86be-643217ee0eb0,2023-06-11,Thomas Jackson,South,Furniture,Desk,3,81.48,0.1,True,220.0
809e2109-c786-4a38-a09f-1aede38690e7,2024-06-17,Tonya Young,East,Clothing,T-Shirt,6,74.72,0.29,True,318.31
81d1bf06-6b8c-46f2-8611-f583b2d10e3d,2023-08-23,Nancy Garrison,East,Electronics,T-Shirt,9,382.04,0.0,True,3438.36
254bf7ae-1d0a-4994-b20b-575d4e28e674,2024-12-31,Jeffrey Wilson,East,Clothing,T-Shirt,6,71.62,0.1,True,386.75
6c0be55c-90e6-49e1-a44f-c3a96d0c62c3,2023-11-02,Christopher Wheeler,North,Electronics,T-Shirt,8,497.59,0.1,True,3582.65
1ad1daaa-ef8d-4ff0-9583-1feeec41e6f6,2023-09-13,Oscar Harrell,West,Furniture,T-Shirt,7,476.87,0.25,False,2503.57
6a480542-1965-4435-901b-b5fa6a677623,2024-12-21,Francisco Flynn,West,Electronics,Bread,8,8.18,0.07,True,60.86
f45da406-bbf9-4b01-a7f9-e728c618fc1e,2023-10-29,Chris Vargas MD,West,Food,Desk,6,411.17,0.26,False,1825.59
6e5bac20-725c-4675-8a95-71e407dc02b1,2023-12-20,Susan Perez,East,Furniture,Laptop,8,419.59,0.17,True,2786.08
7f22cd12-07b6-408e-aac1-ca75afb918c8,2024-10-05,Jeffrey Munoz,South,Food,Monitor,2,168.48,0.08,True,310.0
53125ffd-f655-460b-9d32-e231eb561699,2024-10-11,Mariah Taylor,South,Furniture,Shoes,3,376.78,0.05,True,1073.82
5a3da367-141b-4a1b-80a9-78bfb8f8903b,2023-10-24,Eric Schultz,West,Food,Laptop,4,47.64,0.13,False,165.79
b1182d23-5bf8-4676-9f12-a0e912011caa,2024-12-07,Samantha Lopez,East,Furniture,Bread,2,107.52,0.0,False,215.04
2d8b5b41-590e-43da-986f-1721078548d7,2023-10-28,Wesley Stewart,North,Clothing,Bread,3,228.28,0.0,True,684.84
3b019fcb-f96d-4403-948c-93f3028d042b,2024-05-15,Nicole Tucker,South,Electronics,Headphones,7,342.74,0.1,False,2159.26
98ba0f0e-120d-4126-9da5-3b38d1aa6c5e,2025-04-05,Dr. Derrick Brewer,South,Electronics,Desk,8,237.91,0.06,False,1789.08
00d3d1af-353e-4c86-a4ae-ba79e4b82987,2024-03-29,Paul Villanueva,East,Clothing,T-Shirt,9,265.59,0.16,False,2007.86
bb6b0095-ac7b-4ab2-a8b5-6f85346d2b7e,2025-03-16,Kristin Sullivan,East,Clothing,Bread,4,45.03,0.15,True,153.1
bf7b68ae-1f89-41b6-a6a1-a40bf031f4b9,2023-08-08,Michael Lawson,East,Food,Desk,6,222.18,0.09,False,1213.1
b080e003-5e7f-403c-8b13-47f601d6d903,2024-11-17,Cameron Sandoval,East,Clothing,Bread,1,389.39,0.03,False,377.71
3b9cea95-9ad7-458f-aecb-325b064f768d,2025-03-09,Rachel Silva,North,Clothing,T-Shirt,1,273.39,0.16,True,229.65
743c7e9d-2fde-4035-a452-bc39dbf2eed1,2024-03-23,Cody Stuart,East,Electronics,Shoes,7,277.88,0.09,True,1770.1
b51d70d8-582d-4972-ba08-9ca81cc5a8a0,2024-06-12,Nicholas Cohen,North,Electronics,Monitor,4,261.73,0.02,True,1025.98
0726d44a-2152-43c7-821a-a15ef58c43ce,2023-08-06,Donald Rodriguez,North,Furniture,Desk,2,453.69,0.28,True,653.31
55c36c3d-5cbb-4080-b547-5c5ef76dce6e,2023-05-09,Roger Pham,East,Clothing,T-Shirt,7,76.14,0.03,False,516.99
4bdd5f99-4ae9-4e11-b5fe-0213792ecd75,2024-08-13,Lawrence Beltran,South,Electronics,Shoes,10,202.81,0.05,False,1926.7
8d9ecfb9-f549-4e22-a0df-7f74efe78b60,2024-07-07,Stacy Russell,South,Furniture,Laptop,10,437.87,0.05,True,4159.76
97d01e70-2f1d-4bef-93b5-3b92a2cb5f38,2023-08-25,Karen Johnson,East,Clothing,T-Shirt,7,160.13,0.14,False,963.98
88819f42-1a42-4629-94af-e646fe3216bd,2024-08-20,Brenda Warner,East,Furniture,Laptop,9,440.26,0.27,False,2892.51
606821d6-280a-47ee-8ec9-85ff94b28b9d,2024-05-11,Nicole Perez,West,Furniture,Shoes,4,75.87,0.21,False,239.75
200f7753-f217-4aac-a59c-ff81e5ce0ca6,2023-05-06,Thomas Orr,South,Clothing,T-Shirt,1,22.05,0.13,False,19.18
82221345-50de-4292-b90a-9016cdec85da,2025-03-05,Richard Anderson,East,Clothing,T-Shirt,3,324.05,0.25,True,729.11
2f16fb50-c13e-46af-bc95-90d33e2aad3e,2024-11-18,Elizabeth Sullivan,North,Clothing,Laptop,9,62.36,0.01,True,555.63
a9c72e7b-6b77-4df1-9f59-aa2c4a82e06a,2023-12-11,Sandra Payne,West,Food,Laptop,8,38.72,0.11,False,275.69
99e8c828-21da-432c-9c68-d4fd0bd7696f,2025-01-04,Jill Daniels,South,Clothing,Desk,5,137.47,0.29,True,488.02
b3c161c3-13f2-437c-a4d0-27590542bd75,2023-06-04,Stephanie Newman,North,Food,Laptop,7,154.84,0.03,False,1051.36
4ca49aaf-6b94-4e09-a1cc-14b312bdf75f,2023-09-06,Caroline Davis,East,Clothing,Laptop,9,469.47,0.02,True,4140.73
ed28508d-bdaa-4bfa-aab0-15638cffbbb1,2024-08-25,Derek Lewis,South,Furniture,Laptop,9,435.33,0.23,True,3016.84
4c4b91fe-6c14-4fc6-9750-ca7e246cb09c,2024-12-14,Sharon Atkins,North,Electronics,Chair,2,241.1,0.06,True,453.27
3f80c31f-15a5-412c-9ac4-b6c7a31034dd,2024-03-29,Paula Walter,East,Clothing,T-Shirt,2,297.78,0.22,True,464.54
a3155940-5e87-405a-a1fd-cdf171df24d9,2024-07-27,Brittany Thomas,West,Electronics,T-Shirt,10,162.99,0.07,False,1515.81
605dd4d6-0ecf-495b-877a-2133f2ed33e1,2023-10-12,Brandy Carney,East,Electronics,Shoes,8,336.49,0.19,False,2180.46
f642c8f3-6acf-49eb-8228-4fd9689bba65,2024-12-30,Abigail Hoover,East,Food,Laptop,1,313.06,0.15,True,266.1
70f8dd99-5217-4eb7-a6b9-20daba6a098f,2024-03-31,Erin Potter,West,Food,Shoes,4,258.64,0.25,False,775.92
f3cc9d8a-4b16-48e4-9f20-f4063438b4e4,2024-05-19,Daniel Hayes,North,Food,Shoes,7,119.99,0.06,True,789.53
2f7a304f-f344-4911-974f-7a54788c161e,2023-08-11,Julie Fox,North,Electronics,Desk,10,253.58,0.19,True,2054.0
1cb66f67-46e7-45ad-9bce-35d8cbe88a3f,2024-10-12,Jeffrey Frank,West,Food,Bread,6,363.98,0.0,False,2183.88
27649a62-b02d-452c-9b05-0db28ee4fd02,2023-12-25,Kristen Stone,West,Food,T-Shirt,5,391.92,0.13,True,1704.85
eda2fc4c-7237-4420-b3dd-77e1cbb02fe9,2025-03-18,Briana Ross,East,Food,Desk,2,186.16,0.28,True,268.07
6bf4d047-c484-4a8d-af75-1bde66163e5b,2024-08-30,Emily Suarez,East,Food,Bread,1,397.29,0.07,True,369.48
f5a3e893-3f7a-4748-acbb-93c26e84f8ea,2023-07-23,Andrew Newman,North,Electronics,Shoes,4,8.41,0.1,False,30.28
85fa2d5c-efe6-471b-9723-a95974151acc,2024-04-14,Barry Adams,West,Electronics,Chair,10,289.31,0.09,False,2632.72
a1ab17c0-7662-49cc-9af9-5c78247f4d97,2024-11-29,Todd Booth,North,Electronics,T-Shirt,1,240.27,0.19,False,194.62
c149fa8e-7bb8-42f1-9624-d318a32652e8,2024-06-14,Kevin Flores,West,Furniture,Shoes,10,187.16,0.23,False,1441.13
d4864482-0078-4b12-8b73-50d13421beaf,2023-05-24,Lisa Hunt,West,Electronics,Desk,9,384.46,0.14,False,2975.72
764657ca-9e65-436c-b2f7-74b1b2f11ef9,2024-06-05,Jonathan Hardy,North,Furniture,Chair,6,125.73,0.22,False,588.42
1d4d1180-4c6e-4fbb-b7fe-f6b501fda698,2023-06-13,Holly Sparks,East,Food,Shoes,3,17.02,0.27,True,37.27
4d18c103-a100-4d14-ba92-cd28c4c536fb,2025-01-06,Kenneth Alvarez,East,Furniture,Shoes,8,256.37,0.1,True,1845.86
6c98f73d-27fe-4b4b-9bf1-f1d18b92c247,2024-05-16,Randall Sanchez,South,Food,Bread,5,487.4,0.23,False,1876.49
17b18e6e-78af-458e-8058-a332b4cfafa8,2024-01-01,Jordan Villegas,South,Electronics,Monitor,2,287.1,0.06,True,539.75
f5feba5e-c295-4f51-bf67-ee1aad9d1f42,2023-04-11,Amanda Diaz,West,Food,Shoes,10,24.68,0.07,True,229.52
67c21355-c312-4af6-8b32-992a3b7c1f9a,2024-12-31,John Avila,North,Food,Bread,8,186.05,0.14,False,1280.02
0588d91d-fbe8-4a8e-a1cf-0d1d47b3df41,2024-12-01,Jennifer Shepherd,North,Electronics,Shoes,5,173.75,0.19,False,703.69
ab2212c9-e23b-480e-8523-dbbb1eeed219,2023-06-11,Martha Woods,North,Furniture,Bread,4,245.59,0.11,True,874.3
65ff6adc-41ae-43f7-8010-98240a614be3,2023-06-29,Hailey Lang,South,Furniture,Monitor,7,379.21,0.19,True,2150.12
b5c03f6f-94e4-4c44-a3fb-dbda86ae9d5c,2024-03-07,Molly Weeks,South,Food,Shoes,7,441.71,0.28,True,2226.22
bf1df687-1a1e-4042-b1d0-4b0f656fa7e6,2024-07-24,Karen Barrett,North,Furniture,Chair,9,212.45,0.09,False,1739.97
df0d6301-488c-4c4e-9a94-14b840aaec7a,2024-01-08,Sandra Dominguez,West,Furniture,Headphones,6,406.53,0.07,False,2268.44
322f1499-e8a5-4f31-ac2c-10d0c15648ff,2024-06-25,Lauren Lewis,North,Clothing,Headphones,4,385.95,0.29,False,1096.1
120961ea-0913-4087-95d3-8ca9986cc8d5,2024-03-25,Jesse Dean,North,Clothing,Desk,10,328.9,0.14,False,2828.54
889c8ae2-4e3c-4f2d-8332-559dcad00273,2023-12-26,Megan Carr,West,Clothing,Laptop,5,241.32,0.16,False,1013.54
dc0520a4-87ba-4b90-9e41-5c4e57030ede,2025-01-16,Garrett Jordan,East,Food,Monitor,2,364.01,0.27,True,531.45
c31277fd-eb83-4f16-a404-d8083fc18c00,2024-01-28,Sharon Thomas,West,Electronics,Bread,1,175.41,0.06,False,164.89
dc66a27b-6a32-4333-916e-8a6429deb984,2024-05-11,David James,West,Clothing,Headphones,3,402.39,0.12,False,1062.31
22696227-8513-491e-8862-2a674a294067,2024-01-16,David Allen,South,Furniture,Laptop,6,413.84,0.21,True,1961.6
35d4cd35-a08c-4a00-85e7-425092f078b8,2025-01-22,Tanya Watson,West,Clothing,Desk,10,364.19,0.1,True,3277.71
f4a5cc36-692a-4bce-9af5-5c2688083ebc,2025-02-07,Kyle Hanson,North,Food,Shoes,10,461.4,0.04,False,4429.44
bdce29ef-6746-40eb-8b27-9c29a274c0d7,2024-08-16,David Anthony,East,Food,Chair,8,381.8,0.15,True,2596.24
47534952-c9c5-4ef1-a76f-8a76c74f11cd,2023-07-11,Christopher Bush,South,Clothing,Laptop,2,242.72,0.27,True,354.37
9177b6d4-5f2e-4167-b13e-ceb14ad12b4c,2023-07-24,Stephanie Griffin,East,Clothing,T-Shirt,9,330.96,0.24,True,2263.77
1f9078d5-2835-4cdb-a347-b24fa0f9c074,2023-12-12,Christopher Howard,South,Furniture,Shoes,8,464.47,0.26,True,2749.66
66b62087-61a5-4fdd-9eda-4209b270af55,2025-03-28,Robert Fernandez,West,Electronics,Laptop,7,417.38,0.11,True,2600.28
8f42cebe-23b8-40f3-b7cb-1a27974fdedc,2023-04-27,Elizabeth Hill,South,Electronics,Shoes,6,349.19,0.06,True,1969.43
a1d20ebc-5aa3-492a-8c88-b9d8ab12fb53,2023-08-29,Ryan Stewart,East,Electronics,Shoes,7,344.05,0.06,True,2263.85
37cf8025-6a44-4a90-be0a-5a5679009c61,2024-10-30,Corey Gonzalez,North,Furniture,Shoes,1,292.23,0.15,False,248.4
8066b49b-b1d7-42a0-bd25-cefb7a0a02ba,2023-07-16,Sarah Ellis,North,Food,Chair,2,110.45,0.04,False,212.06
f55b2e5c-a6ed-4ac0-be22-e1b751783032,2023-04-24,Dwayne Tucker,North,Furniture,Monitor,7,18.51,0.03,True,125.68
248f4a25-4cd8-4f24-b1a8-c9c60f6ab75b,2023-12-28,Sarah Newton,West,Furniture,Monitor,10,229.85,0.16,True,1930.74
e32866d3-0d6a-48b0-beda-9ab9bec60ffe,2025-02-26,Melissa Brown,South,Clothing,T-Shirt,3,313.42,0.2,True,752.21
5afb9565-068a-4c38-b739-076a9f032cdc,2024-07-24,Stephanie Cook,North,Electronics,T-Shirt,3,413.82,0.17,True,1030.41
fe2d9d1d-e377-4008-a416-59c078b61daf,2023-09-07,Derek Cortez,West,Food,Desk,1,337.09,0.18,True,276.41
fa999f9b-86de-4365-98a2-30de02969326,2023-05-14,Joshua Perry,West,Electronics,Monitor,2,307.73,0.06,False,578.53
14d4dad6-ddfa-4808-afd8-643211035083,2024-02-25,Jaime Shah,East,Electronics,Shoes,7,161.05,0.13,False,980.79
ecb3d561-bdf0-4015-b305-ee95afb120f4,2024-08-23,Bobby Beltran,South,Food,T-Shirt,4,167.24,0.16,False,561.93
5c7cbc62-01a4-47a1-a526-4961ab4414ae,2023-05-28,Katie Smith,North,Clothing,Headphones,1,217.82,0.22,False,169.9
00f520f4-9ef1-4846-9dbc-24fd0a8aa1e4,2024-10-03,Kayla Sosa,South,Electronics,Chair,5,385.88,0.1,True,1736.46
a3ef802e-df86-43ce-8534-32cdffeb5d5f,2023-12-07,Wendy Santana,South,Clothing,Desk,5,433.21,0.27,False,1581.22
e695f8ba-ba23-48fe-8ae3-02f3b31e9be8,2024-12-18,Andrew Davis,North,Furniture,Desk,7,76.32,0.06,True,502.19
92a651d7-c069-4542-a403-97213a082921,2024-02-06,Emily Cabrera,South,Clothing,T-Shirt,2,217.62,0.09,True,396.07
6f1bdd07-1aff-41ae-b0f2-c48549b564fb,2025-03-18,Michelle Barton,West,Furniture,Desk,6,122.43,0.23,True,565.63
62565a95-5487-45c3-b762-6f4975fd3537,2023-05-20,Tammy Carr,West,Furniture,Monitor,5,193.59,0.27,False,706.6
a5e3a719-6bf5-4dfd-94a8-762b2b12c92c,2024-07-19,Sierra Ramirez,East,Electronics,Laptop,6,124.11,0.24,True,565.94
25e4979d-6f6d-4f79-affe-2554e5aef699,2024-11-26,Clinton Bean,South,Clothing,Bread,10,131.18,0.13,False,1141.27
25c29b6a-b575-4c6e-aee8-4bcb7281b8a9,2024-12-17,Shawn Scott,North,Clothing,Headphones,4,124.69,0.15,True,423.95
35783f66-2114-42d6-90ea-1324862f78e1,2024-10-13,Brianna Jensen,West,Furniture,T-Shirt,9,295.64,0.09,True,2421.29
596305b3-71b2-41e4-afd3-b9f2e90f79f8,2023-08-18,Chad Bridges,South,Clothing,Desk,9,464.25,0.29,True,2966.56
6d62e40c-638d-421a-bbc5-9e92ca1209ad,2024-01-12,Tristan Gonzalez,West,Food,Headphones,1,189.17,0.03,True,183.49
bad3116b-63b8-4897-bdf0-fe6bce8d75f2,2025-03-23,Heather Barrett,West,Clothing,Shoes,6,230.49,0.11,False,1230.82
707421d4-3239-404b-8bab-5b51385c5fdc,2025-01-17,Nicole Figueroa,West,Furniture,Laptop,9,301.67,0.12,False,2389.23
b5c25d42-9626-48c4-b44a-f454f0a61c5e,2025-03-29,Nathan Williamson,East,Furniture,Headphones,9,313.87,0.23,False,2175.12
0884fd16-636a-4f8c-a7e3-f52c0cbf404d,2023-06-09,Diana George,West,Electronics,Shoes,1,77.5,0.21,False,61.22
defa7864-15ac-45c3-a217-cf253be95767,2024-02-21,Steven Holloway,West,Clothing,Laptop,3,125.57,0.19,False,305.14
be3feafd-0e96-4d9b-9d15-8e442fcf3b87,2023-05-21,Megan Barnes,South,Clothing,Shoes,8,422.82,0.07,False,3145.78
3baa17f9-2c62-4ac3-ad70-27cfa358cb1d,2024-03-17,Joshua Gordon,South,Electronics,Headphones,1,132.07,0.15,False,112.26
162d5c72-9ccd-4e1f-8c2a-bdaa9c5c11eb,2024-01-10,Mckenzie Bryant,North,Furniture,Shoes,5,90.62,0.12,False,398.73
c061c99b-831a-452a-9e6c-8762b475e15e,2024-07-22,Jessica Shepard,East,Food,Bread,6,353.8,0.0,False,2122.8
e2091f49-e0a1-4d2b-857c-799848d002be,2025-03-10,Denise Zimmerman,East,Furniture,Desk,3,300.24,0.13,False,783.63
0dcf035b-7552-46e8-a953-a1155a62ddc4,2024-08-03,John Gomez,East,Furniture,T-Shirt,6,447.37,0.09,False,2442.64
aa66b464-8420-48d9-b261-d0d2a1c2d9bf,2024-11-17,Diane Mitchell,North,Electronics,T-Shirt,2,226.21,0.15,False,384.56
8c141838-f468-40a2-a604-e5aff4db1c1e,2023-10-25,Christopher Wilson,South,Furniture,Chair,10,106.38,0.12,False,936.14
6e3c18c9-ef1f-40a3-bc02-ba67ee04bdde,2024-09-13,Marissa Black,East,Furniture,Desk,9,94.85,0.25,False,640.24
413770e2-7d7d-41f5-b460-d20d94b9cdb5,2023-12-06,Seth Herman,South,Food,T-Shirt,7,182.18,0.28,False,918.19
56525ce0-3725-4d0c-b9c4-5c38b440ffe0,2024-06-20,Dennis Gross,West,Furniture,Laptop,2,128.29,0.12,False,225.79
0d742256-0b36-43cd-8acf-eba4441030ae,2025-01-28,Rick Stevenson,East,Furniture,Shoes,5,402.06,0.28,True,1447.42
4a30f7cd-00fd-4c23-998c-a3b429b10823,2024-12-24,William Bennett,West,Furniture,Shoes,10,272.7,0.27,True,1990.71
104dff66-23f1-467e-81d3-4690a795ac54,2024-03-27,Roy Price,North,Furniture,Monitor,2,452.85,0.23,False,697.39
38dfe76b-ae35-4290-ad80-ab08c963d148,2024-02-24,Kirsten Barton,North,Food,Chair,9,150.4,0.29,False,961.06
8ec9ea98-6581-4934-9bcf-b1c4f87e3560,2023-08-28,Laura Douglas,North,Clothing,Chair,2,140.35,0.22,False,218.95
315e8080-7425-44e9-b891-aef5ebe0572c,2023-05-03,Jeremy Juarez,North,Furniture,Shoes,10,105.01,0.09,False,955.59
9b3a0c89-1a32-4148-9bba-c83856e9b78d,2024-03-27,Christine Harris DVM,South,Food,T-Shirt,3,422.8,0.16,True,1065.46
51abf5e5-cb77-4e24-95eb-3a3de2014a45,2024-12-23,James Hunter,South,Electronics,T-Shirt,8,161.09,0.09,True,1172.74
e4bacd78-74ab-49fc-8930-d17952ab793f,2023-11-01,Matthew Johnson,North,Electronics,T-Shirt,1,15.26,0.25,False,11.44
85a1282a-0761-485b-8168-705a533c9a31,2023-09-04,Brandon Gray,East,Clothing,Bread,9,100.08,0.18,True,738.59
14827a89-5e63-44c6-b0ac-79dd0b5aafef,2024-02-05,Ronald Lewis,North,Food,T-Shirt,4,102.52,0.23,True,315.76
5882e3bb-8646-46c1-9eb4-e6c435a7c6ed,2023-05-29,John Lee,West,Food,Bread,6,416.48,0.1,True,2248.99
4053b188-339d-48f5-9658-b1b33012ae1c,2024-01-12,Kayla Munoz,East,Clothing,Laptop,2,424.22,0.13,True,738.14
4d236555-bc50-44ac-baa1-72acac33f644,2023-06-23,Kelly Oliver,South,Electronics,T-Shirt,9,231.88,0.29,False,1481.71
6279d944-dc28-47c6-8453-98134fee7144,2023-07-14,Sharon Durham,South,Furniture,Monitor,4,129.17,0.09,True,470.18
df39ccaa-580c-49fc-bb69-e69041300879,2023-04-30,Kaitlin Mccoy,West,Furniture,Desk,3,147.44,0.2,True,353.86
4e49df56-0b64-4acd-bd6e-2667b6651d6e,2024-01-07,Heather Baird,East,Food,Headphones,4,245.79,0.3,False,688.21
025b7c5f-1284-49d7-8d4e-2753ef26a5b7,2023-04-26,Michaela Johnson,West,Food,Desk,7,407.89,0.07,True,2655.36
702dc88a-b97f-43bb-becc-040c75ff93f0,2023-08-25,Daniel Fleming,North,Clothing,Chair,4,425.01,0.01,False,1683.04
6980b561-cf1a-4cc1-aaca-38110c26e5d9,2024-02-17,Briana Chavez,North,Electronics,Shoes,10,372.65,0.1,True,3353.85
70aaf525-75e4-47dd-be5b-637dfa98c115,2024-07-31,Donald Banks,North,Clothing,Headphones,8,351.51,0.05,False,2671.48
3dbba3af-14db-4d22-95ea-e9d21e3d59d0,2024-09-27,Oscar Giles,West,Furniture,T-Shirt,6,350.05,0.27,True,1533.22
275f275c-c3f3-474d-9386-1b58194665d3,2024-08-29,Elizabeth Lambert,South,Food,Desk,3,31.95,0.26,True,70.93
36a5be06-eb52-4e01-a25e-651269fcbef0,2025-03-06,Samantha Wood,East,Furniture,Desk,5,457.77,0.23,True,1762.41
d16903f2-13bf-49fe-9cdd-9f6c70cdc4a8,2023-04-20,Anita Callahan,West,Clothing,T-Shirt,6,446.81,0.05,True,2546.82
e2f88051-c13c-4688-8f1b-5be16d4ba69c,2023-12-16,Shawn Vincent,West,Clothing,Shoes,9,170.65,0.18,True,1259.4
f57b8a92-0a12-43b3-a4fc-0dbad44f85e7,2024-03-29,Mr. Ryan Wood,West,Food,Headphones,4,84.06,0.07,True,312.7
38553ac8-7d71-4591-bfee-2fc72e2dffdf,2024-12-14,Ashley Morris,South,Electronics,Bread,4,136.73,0.3,True,382.84
476c4878-deff-4d7a-9728-525620ca35ab,2024-06-13,Angela Mckee,North,Furniture,Shoes,8,361.5,0.0,True,2892.0
fea2a33a-51d1-4bcd-9a23-754bef38d426,2024-11-09,Christina Phillips,North,Electronics,Desk,6,221.87,0.16,True,1118.22
e64ddd91-8e9b-485e-9b77-0deb6f51ea78,2025-02-15,Marilyn Rojas,South,Clothing,Shoes,3,276.24,0.27,False,604.97
c9fe6036-8a83-4fc8-9c2e-55624916e844,2024-09-30,Charles Jones,East,Furniture,Monitor,5,210.36,0.2,False,841.44
c707e77b-4bf0-4e53-b608-8c973380dcfc,2024-04-29,Brittney Lopez,East,Clothing,Headphones,9,458.48,0.2,True,3301.06
764ab510-9acb-4588-8397-d4127118bb71,2024-04-14,Hannah Richards,East,Food,Shoes,1,190.61,0.05,True,181.08
45c596d4-42d0-4ba3-a265-2c9e89421c6d,2023-06-11,Jessica Figueroa,North,Furniture,Shoes,2,473.29,0.12,False,832.99
9d683a9e-1e65-4ac1-843d-2c473b56735e,2025-02-04,Christopher Alexander,West,Clothing,Chair,6,49.39,0.09,False,269.67
2c2df3c2-1951-4f87-b63f-83c6c89309e9,2023-05-20,Jessica White,East,Clothing,T-Shirt,5,44.69,0.16,True,187.7
37d316a4-3faf-4217-aa27-241fbb9e5a02,2024-05-30,Paul Berry,East,Furniture,T-Shirt,6,486.96,0.05,False,2775.67
ff4533fe-bc6f-46ac-a139-d15d48d8b9ef,2025-02-07,Maria Garcia,West,Clothing,Laptop,1,315.93,0.05,True,300.13
89181ba3-bdee-4231-81a6-009ea8dce886,2024-02-16,Joseph Johnson DDS,West,Electronics,Chair,2,255.53,0.27,True,373.07
0cbdc014-dbed-442e-ada3-13e783e9973b,2024-12-14,Angelica Underwood,West,Clothing,Bread,10,13.68,0.2,False,109.44
45c190a8-a52b-40ce-a27b-585f1f2de275,2024-12-08,Dawn Hart,North,Electronics,Chair,1,331.75,0.14,False,285.3
908e0372-bcbe-4a42-b89d-3fda1e454241,2025-02-04,David Martinez,South,Furniture,Headphones,5,258.97,0.22,True,1009.98
b76fc5b2-acc5-42df-bac4-9efa5be12d09,2025-03-28,Tiffany Chan,South,Clothing,T-Shirt,2,478.07,0.22,True,745.79
483c1a4e-a91d-42cd-8bf0-6f64b4178592,2023-10-30,Jonathan Mahoney,South,Electronics,Shoes,3,409.26,0.09,False,1117.28
e6cd3595-d4f0-465d-bd68-17b638b80611,2023-05-01,Darrell Mann,East,Food,Chair,5,497.34,0.12,True,2188.3
4eb98768-84a5-41c3-9095-e4973d798f0b,2024-08-25,Shelby Lin,East,Electronics,Laptop,4,451.06,0.18,True,1479.48
5f89d54d-3bcd-4aec-93ca-8c05acb5959f,2024-05-14,Sarah Cochran,North,Electronics,Laptop,9,121.29,0.08,True,1004.28
9501e917-496d-427b-baf2-f402a0e624f1,2023-06-23,Cassandra Garcia,North,Furniture,Chair,9,25.42,0.23,True,176.16
03f7ba05-cf4b-4315-a325-4d812bdfb727,2025-01-18,Marcus Ray,West,Electronics,Desk,6,52.26,0.02,False,307.29
5df2e073-53f0-4099-813d-d49a8d99743c,2025-01-11,Jason Williams,West,Electronics,Monitor,8,466.89,0.23,False,2876.04
cfdef303-0679-4b47-a283-453695decd6e,2023-06-11,Ronald Hayes,South,Furniture,Desk,2,159.48,0.21,False,251.98
27be0381-6544-497d-a078-9f97213c121c,2023-12-25,David Russell,West,Clothing,Chair,7,408.81,0.09,True,2604.12
fdc12930-82ae-452f-ad40-76bcf9cb2ee8,2024-01-13,Victoria Delgado,North,Electronics,Monitor,9,435.8,0.28,False,2823.98
34dd7624-c3d9-43b0-a2b5-6be11392a255,2023-06-25,Brandon Le,South,Electronics,Desk,9,356.34,0.14,False,2758.07
7f2a2e65-c659-4f7f-aa45-5fc7c80cb483,2024-04-10,Joseph Chavez,East,Clothing,Headphones,7,387.22,0.09,True,2466.59
f8247e70-b219-4ff3-846a-c0d691ca9f9e,2023-05-05,Alexandra King,West,Food,Monitor,2,290.01,0.28,True,417.61
21d32e24-bb89-4746-bc3d-a91136a52df9,2023-08-07,Kimberly Anderson,North,Furniture,Bread,2,463.88,0.11,False,825.71
62759469-c28d-4ad5-bbd3-147dd0f0c75d,2025-03-16,Keith Ferguson,West,Furniture,T-Shirt,10,307.5,0.02,True,3013.5
21ee302e-974d-4d49-9bc6-98825a7c831a,2024-05-15,Curtis Davis,West,Food,Chair,8,479.41,0.01,True,3796.93
eaf94919-e69b-4971-bf9b-76efa1057256,2024-08-07,Debra Owen,West,Food,T-Shirt,6,441.19,0.24,True,2011.83
06a8e22f-d57c-4f0d-9db3-466d1ba6cc61,2024-12-25,Reginald Miller,North,Furniture,Laptop,3,142.47,0.03,False,414.59
7d3c279b-5bce-428b-989b-b03086c47b06,2023-11-18,Alexander Church,North,Clothing,T-Shirt,5,83.58,0.0,False,417.9
f568c9c6-033c-4469-8f06-ea1874a26444,2023-05-08,Mark Wise,West,Clothing,Shoes,4,95.93,0.09,True,349.19
29bccee9-a71b-40ef-8e36-b82f3856be31,2023-04-10,Patricia Mcdonald,South,Furniture,Bread,7,475.83,0.0,False,3330.81
cf2a2198-7ea4-46f5-a10b-4aada92d6b05,2024-01-27,Natasha Lee,North,Clothing,Monitor,5,72.77,0.19,False,294.72
8bc88bcf-7b1d-4049-bcc4-616df40d2a37,2023-12-28,Debra Franco,North,Food,Shoes,1,438.58,0.05,True,416.65
142a6c95-d908-4a42-b448-0761505e9c9b,2023-08-09,Christina Beard,South,Food,Headphones,1,132.65,0.18,False,108.77
66dfeb1e-9ab3-4c27-a32f-8c5b425832c0,2024-06-08,Jared Franklin,East,Electronics,Laptop,1,395.3,0.05,True,375.54
5100f186-d25a-4049-b0e9-be17b4134208,2024-10-01,Shane Benson,North,Food,T-Shirt,5,76.91,0.19,False,311.49
f19b43da-6253-4fe3-8aae-b212c90ded29,2023-08-02,Dennis Mann,East,Clothing,Shoes,2,310.02,0.18,False,508.43
50ae2652-09cd-4bdf-b56a-f7370f2670d2,2023-08-12,Mary Graham,South,Food,T-Shirt,6,106.2,0.01,False,630.83
3fe65f90-f631-481e-bf40-1e04b9f94ec6,2023-08-23,Nathan Lee,West,Electronics,Monitor,6,72.49,0.22,True,339.25
ab1e6794-70f2-497a-9ceb-201357d9af8d,2024-12-05,Timothy Hayden,West,Electronics,Laptop,9,422.49,0.04,False,3650.31
39d5b552-a867-40f0-a8e6-a772b9cde60c,2025-03-25,Hunter Le,North,Food,Shoes,5,206.44,0.03,True,1001.23
298e9a79-abec-4c0b-981b-a30742965873,2023-08-11,Christopher Monroe,North,Food,Chair,1,476.37,0.21,False,376.33
92d6ff73-5b3a-4595-8458-92c14e0e15d3,2024-08-19,Jeffrey Diaz,West,Furniture,Shoes,4,103.44,0.18,False,339.28
a1645f58-bb78-4b2d-8ee5-144d8a1d8b42,2024-09-19,Brandon Owen,East,Electronics,Desk,9,296.45,0.2,True,2134.44
7db931ce-05a0-4421-9a79-b46a26b61b06,2023-10-15,Alan Lara,North,Furniture,Bread,3,178.97,0.06,True,504.7
3dd0c866-0649-4ef5-8fb2-de1ea0b976c2,2025-02-20,Jasmine Castillo,East,Furniture,Monitor,5,330.95,0.03,False,1605.11
f20e8bda-39cc-4d88-832f-594d0b82b61c,2025-04-04,Nathan Henderson,South,Electronics,Laptop,10,340.66,0.15,False,2895.61
d22a3a62-1109-4978-93a0-81a6a7647989,2024-08-07,Elizabeth Jackson,West,Clothing,Monitor,1,378.9,0.02,True,371.32
a9fa4ea6-f8db-4a4d-984d-3c020ff9d318,2023-12-20,Caleb Barnett,East,Furniture,Chair,7,371.94,0.14,True,2239.08
ec071cf1-e476-48ec-a2c7-1d046c32faff,2023-04-28,Wayne Smith,North,Furniture,Headphones,7,45.37,0.26,True,235.02
245db6ca-6f6a-4196-b2ef-7dce376e22a6,2024-04-19,George Bradford,South,Furniture,Monitor,5,361.52,0.3,False,1265.32
a629d332-2d4b-45a4-8fdc-13515ba830dc,2025-02-27,Stephen Duncan,North,Electronics,Shoes,10,310.88,0.22,False,2424.86
c90853fd-fc9e-4692-ba62-6aee542d19c0,2024-08-08,Christopher Cole,West,Furniture,Monitor,4,347.17,0.05,True,1319.25
027752fe-61f6-4c6e-a89c-0559bf4fa4a3,2024-09-17,Aaron Rivera,West,Furniture,Headphones,5,143.24,0.03,False,694.71
88a0edce-4384-460c-a413-961f68c6dd5e,2024-02-13,Joshua Mason,East,Electronics,T-Shirt,6,301.57,0.26,False,1338.97
fb0a6a90-bc52-434e-8dfa-4cc88805ae31,2023-05-14,Brandon Gardner,South,Food,Bread,9,114.18,0.22,False,801.54
c2537638-7670-4835-b476-998dafc8128a,2023-10-02,Antonio Mccall,West,Electronics,Desk,8,447.65,0.13,False,3115.64
1f626a97-ebe7-4f91-9092-0b690abc847e,2023-10-13,Christopher Martin,East,Food,T-Shirt,8,412.84,0.04,True,3170.61
2bdb5720-63ea-407f-b436-498e68afe2b8,2024-08-15,Tanner Benson,North,Furniture,Headphones,2,371.47,0.19,False,601.78
9f312acb-2362-4bc1-8024-532000cbd313,2023-11-14,Ronald Johnson,North,Electronics,T-Shirt,7,339.35,0.29,True,1686.57
d70da545-8391-47a6-a977-4b71de6d2d7e,2023-12-21,Tyler Garcia,North,Clothing,Monitor,6,212.01,0.22,False,992.21
1463c5f8-25ee-44ab-b319-1702bb80d98d,2023-08-20,Randy Clark,West,Clothing,Chair,3,77.01,0.17,True,191.75
d4088ff7-d713-4061-bcc4-f772547e3918,2023-10-12,Crystal Brewer,East,Food,Chair,9,271.58,0.03,True,2370.89
f22a4fc6-3f2d-48a8-ad20-481ad216ad53,2024-01-08,Sara Lopez,North,Electronics,Monitor,1,254.14,0.24,False,193.15
e575ae93-ce74-4e8a-b4e1-680b05a02c72,2023-10-02,Alejandra Fisher,South,Electronics,Shoes,4,475.04,0.11,False,1691.14
d69db137-c9a5-4cd1-be28-e8c52b395c4e,2023-08-15,Cynthia Reed,South,Food,Shoes,8,336.56,0.11,False,2396.31
b7c144fb-2b16-4d04-8fb8-7c76af044a8d,2025-02-20,Mark Hines,North,Electronics,Chair,7,231.03,0.27,True,1180.56
dd5aacc7-ed7a-4edf-ad5b-7d501417d4f9,2024-03-01,Patrick Mckee,West,Clothing,Headphones,1,333.76,0.17,False,277.02
a0e77486-9ed9-4124-9a89-5c62990e8f01,2024-04-03,Reginald Lopez,East,Clothing,Monitor,4,224.08,0.17,False,743.95
9d6c84af-266b-4d37-b5c9-9b49751f7e54,2024-01-17,Joel Day,North,Furniture,Bread,2,470.61,0.12,True,828.27
571aa4f6-40a2-4015-8a40-a3799a1ab357,2025-02-18,Marco David,South,Food,Chair,5,320.48,0.09,False,1458.18
606375b8-bb93-4826-bcee-9d29ce4f1ca0,2024-06-22,David Hendrix,West,Furniture,Headphones,2,141.29,0.17,True,234.54
e3b4df81-eeb3-462c-a032-149d06fafb60,2023-07-26,Joseph Santana,West,Clothing,T-Shirt,3,355.21,0.03,False,1033.66
5bbdd1f4-16f1-4aad-bf10-7645094c0230,2024-02-04,James Graves,North,Furniture,Desk,3,54.69,0.18,True,134.54
754724dd-269b-4c3b-abf0-f4bd4af0a6fe,2024-06-21,Casey Vasquez,North,Food,Chair,8,247.62,0.25,False,1485.72
298b7e5d-5b16-44ad-81e7-74de3c740119,2024-11-28,Rebecca Wiley,West,Clothing,T-Shirt,1,179.55,0.29,True,127.48
566ff3ec-679b-49e8-80c3-2da9bc49b58e,2023-04-20,Craig Harris,North,Clothing,Laptop,6,296.37,0.22,True,1387.01
f1c58f44-7e08-4c1b-8da6-a326451437d6,2023-08-13,Carlos Miller MD,North,Food,T-Shirt,9,144.95,0.28,True,939.28
87c47eb8-4f8e-4e01-83c8-e1046480fdc0,2025-04-01,Kristen Austin,West,Food,Bread,7,146.44,0.15,False,871.32
780afabf-8cea-409b-89c9-4aa5e689e5e8,2024-07-06,Jeffrey Stephens,South,Electronics,Laptop,2,199.27,0.01,False,394.55
88239867-c5dd-467b-88f1-100bfa3222c4,2023-04-14,Grace Melendez,North,Clothing,Laptop,9,91.72,0.0,True,825.48
ef208346-432f-4308-8d56-206d920c3de9,2024-09-24,Edward Duran,West,Clothing,Shoes,4,61.33,0.08,False,225.69
6522ff46-74b7-461c-89ce-15a8afd4fc7b,2024-02-06,Rebecca Cole,West,Food,Monitor,8,297.05,0.2,False,1901.12
58ba0bf3-675e-4c52-9eb9-5739b8acdd81,2024-10-19,Diane Haas,West,Electronics,Chair,5,327.59,0.06,True,1539.67
45e695b1-054b-4816-8d18-533e7efa2faf,2024-12-22,James Gutierrez,North,Clothing,Monitor,5,260.87,0.27,False,952.18
4100e665-08c6-46a9-bee4-e6bcbd6deb92,2023-08-21,Melissa Bowman,West,Electronics,Desk,7,73.55,0.06,True,483.96
b3e4bd3a-94fe-41a0-ae2e-45a4ae4404d7,2023-08-03,John Morales,East,Food,Desk,7,435.77,0.25,True,2287.79
feb46b24-4a2e-4d41-addb-0263c6a2894d,2023-04-25,Jeffrey Roberts,East,Food,Chair,8,458.06,0.22,True,2858.29
c33993f2-3504-4f77-8317-c3d4afa4f554,2023-04-29,Mr. Roger Hardin,North,Electronics,Laptop,1,76.37,0.2,True,61.1
62d59938-571c-4d78-8429-aeae877e5ea1,2025-01-09,Thomas Shannon,East,Food,Bread,3,134.49,0.08,True,371.19
402988fd-f8cc-4f3b-959b-148ffa7bff5f,2023-12-17,Tracy Bowen,North,Clothing,Bread,9,368.11,0.08,True,3047.95
fb52451d-90e7-41a1-9db1-dfdc357f0a64,2024-05-10,Joshua Torres,North,Food,Monitor,6,101.57,0.04,False,585.04
f16f1487-f7f2-4e5c-8e07-55e354565b12,2023-04-12,Laurie Barton,East,Electronics,Headphones,4,396.69,0.01,True,1570.89
ac825818-960d-4788-be1e-165decadbb86,2023-05-09,Jeff Benjamin,North,Electronics,Headphones,4,370.84,0.28,True,1068.02
e02a35e9-ae6b-4c8e-8864-4581b8577478,2023-05-16,Michael Branch,East,Clothing,Bread,3,136.2,0.11,False,363.65
de386aeb-ea96-4be6-a99c-f16b5a7583c0,2024-12-03,Alexander Morgan,East,Electronics,Laptop,4,487.25,0.22,False,1520.22
d8a1a546-54a6-487c-a72e-aa36e642965c,2025-03-28,Steven Wiley,South,Clothing,Monitor,5,191.2,0.06,False,898.64
95be263b-0253-4c8c-91f0-c570bf5545ce,2023-07-05,Cassandra Munoz,North,Clothing,Desk,3,30.38,0.19,False,73.82
27fa8b8a-909b-471c-8d1f-0a7fd0fce922,2024-06-28,William Smith,South,Furniture,Desk,3,417.39,0.15,False,1064.34
4a8b77da-5cfa-48b1-9836-78eef3ca5f64,2024-07-27,Susan Shelton,East,Clothing,Chair,9,198.06,0.15,False,1515.16
7eaf1679-52b0-4994-8b1d-d9fda02ebb76,2023-08-02,Cassie Sanders,North,Food,Chair,5,362.36,0.19,True,1467.56
6e566274-99c7-4bea-a756-264dc8649f78,2024-12-04,Joseph Moore,South,Clothing,Headphones,9,277.04,0.1,False,2244.02
c9d0a7f4-0042-4fc6-ab87-71dffccae6b8,2023-08-06,Steven Guerrero,South,Furniture,Shoes,1,387.25,0.19,False,313.67
711fa10a-0b29-45c6-918f-f3582408c3c2,2024-09-14,Nicholas Gross,North,Electronics,Bread,3,357.66,0.19,False,869.11
0262a5aa-edec-41ef-9762-762620379089,2024-12-11,James Willis,South,Clothing,Desk,4,286.77,0.21,True,906.19
e8ef99e9-7afc-40cd-b8bc-6621f2d7fe55,2024-01-30,Peter Jones,North,Furniture,Shoes,7,329.75,0.11,False,2054.34
